{
  "token_acc":1.0,
  "token_p":1.0,
  "token_r":1.0,
  "token_f":1.0,
  "ents_p":0.9997006884,
  "ents_r":0.9997006884,
  "ents_f":0.9997006884,
  "ents_per_type":{
    "WORKOUT_TYPE":{
      "p":1.0,
      "r":1.0,
      "f":1.0
    },
    "INSTRUCTOR":{
      "p":1.0,
      "r":0.9994292237,
      "f":0.9997145304
    },
    "INTENSITY":{
      "p":0.9972652689,
      "r":1.0,
      "f":0.9986307622
    },
    "GOAL":{
      "p":1.0,
      "r":1.0,
      "f":1.0
    },
    "DURATION":{
      "p":1.0,
      "r":0.9994121105,
      "f":0.9997059688
    },
    "MOOD":{
      "p":1.0,
      "r":0.9979253112,
      "f":0.9989615784
    }
  },
  "speed":5950.5290141104
}